Adrian Freund <git@freundtech.com>
Aeschlimann Philipp <aepp@zhaw.ch>
Akihiro Suda <suda.akihiro@lab.ntt.co.jp>
Alan Quillin <alanquillin@gmail.com>
Albert Siersema <albert@mediacaster.nl>
Anantha Ramaiah <ananth@ntti3.com>
Andrew Ragusa <aragusa@grnoc.iu.edu>
Atzm Watanabe <atzm@iij.ad.jp>
Atzm Watanabe <atzm@stratosphere.co.jp>
Benjamin Eggerstedt <benjamin.eggerstedt@gmail.com>
Benjamin Villain via Ryu-devel <ryu-devel@lists.sourceforge.net>
Bill Allen <photo.allen@gmail.com>
Brad Cowie <brad@gizmoguy.net.nz>
Can Zhang <can@canx.me>
Charles M.C. Chan <rascov@gmail.com>
Charlie Lewis <clewis@iqt.org>
Che-Wei Lin <linton.tw@gmail.com>
Chia-Lin Cho <fox91119@gmail.com>
Chithambaram Singaravelu P <zspcchinu@gmail.com>
Chiu,Cheng-Han <a54931232@gmail.com>
Chris Small <chsmall22@gmail.com>
Christopher Scherb <christopher.scherb@stud.unibas.ch>
Claudio Pisa <c.pisa@unidata.it>
Claudiu Belu <bclau@users.noreply.github.com>
Corey Bryant <corey.bryant@canonical.com>
Dingyuan Hu <hdyvip@gmail.com>
Eder Leão Fernandes <ederleaofernandes@gmail.com>
EisukeTAKAHASHI <takahashi.eisuke@po.ntts.co.jp>
Eran <eran@gampel.net>
Evan Gray <evanscottgray@gmail.com>
FUJITA Tomonori <fujita.tomonori@gmail.com>
FUJITA Tomonori <fujita.tomonori@lab.ntt.co.jp>
FUJITA Tomonori <tomof@acm.org>
Fadi Moukayed <smfadi@gmail.com>
Felician Nemeth <nemethf@tmit.bme.hu>
Fumihiko Kakuma <kakuma@valinux.co.jp>
Gal Sagie <gal.sagie@gmail.com>
Glenn McGuire <glennm@a-bb.net>
HIYAMA Manabu <hiyama.manabu@po.ntts.co.jp>
Henkel, Michael <michael.henkel@hp.com>
Hiroaki KAWAI <kawai@stratosphere.co.jp>
Hiroshi Yokoi <yokoi.hiroshi@po.ntts.co.jp>
Hisaharu Ishii <ishii.hisaharu@lab.ntt.co.jp>
Hiyama Manabu <hiyama.manabu@po.ntts.co.jp>
ISHIDA Wataru <ishida.wataru@lab.ntt.co.jp>
IWAMOTO Toshihiro <iwamoto@valinux.co.jp>
IWASE Yusuke <iwase.yusuke0@gmail.com>
Isaku Yamahata <yamahata@private.email.ne.jp>
Isaku Yamahata <yamahata@valinux.co.jp>
Iwase Yusuke <iwase.yusuke0@gmail.com>
Jan Keler <jahekes@gmail.com>
Jason Kölker <jason@koelker.net>
Jerico Moeyersons <jerico09@hotmail.com>
Jerry Cen <zhiweic@google.com>
Joe Mader <jmader@jmader.com>
John-Lin <linton.tw@gmail.com>
Jonas Grunert <jonasg@google.com>
KAWAI Hiroaki <kawai@stratosphere.co.jp>
KONDOH Tasuku <kondoh.tasuku@po.ntts.co.jp>
Kawai, Hiroaki <kawai@iij.ad.jp>
Kei Ohmura <ohmura.kei@gmail.com>
Kiyonari Harigae <lakshmi@cloudysunny14.org>
Krzysztof Rutka <krzysztof.rutka@erlang-solutions.com>
Kyle Mestery <kmestery@cisco.com>
MORITA Kazutaka <morita.kazutaka@lab.ntt.co.jp>
Marcin Chron <mchron@student.agh.edu.pl>
Mark Lentczner <mzero@google.com>
Michael Haro <mharo@google.com>
Michał Rzepka <mrzepka@student.agh.edu.pl>
Minoru TAKAHASHI <takahashi.minoru7@gmail.com>
Monthadar Al-Jaberi <Monthadar.Al-Jaberi@infinera.com>
OHMURA Kei <ohmura.kei@lab.ntt.co.jp>
Olivier DESNOE <olivier.desnoe@gmail.com>
Omer Anson <omer.anson@toganetworks.com>
Oren Spector <oren@oliver-solutions.com>
Ozgur Yurekten <ozgur.yurekten@gmail.com>
Palubinskas Vilius <vilius.palubinskas@ktu.lt>
Peng Xiao <xiaoquwl@gmail.com>
Philipp Aeschlimann <aepp@zhaw.ch>
Rob Udechukwu <rnudechu@ncsu.edu>
Rom <rommon@users.noreply.github.com>
Satoshi Fujimoto <satoshi.fujimoto7@gmail.com>
Satoshi KOBAYASHI <satoshi-k@iij.ad.jp>
Satoshi Kobayashi <satoshi-k@stratosphere.co.jp>
Shaun Crampton <Shaun.Crampton@metaswitch.com>
Shinpei Muraoka <shinpei.muraoka@gmail.com>
Shu Shen <shu.shen@gmail.com>
Shu Shen <shu.shen@radisys.com>
Simon Horman <horms@verge.net.au>
Slawek Kaplonski <skaplons@redhat.com>
Srini Seetharaman <srini.seetharaman@gmail.com>
Sriram Natarajan <natarajan.sriram@gmail.com>
Sriram Natarajan <sriram@nttmcl.com>
Steffen Gebert <steffen.gebert@informatik.uni-wuerzburg.de>
Takeshi <a86487817@gmail.com>
Thomas Bechtold <tbechtold@suse.com>
Thomas Boros <tomas.boros92@gmail.com>
Toshiki Tsuboi <t.tsubo2000@gmail.com>
Travis Gockel <travis@gockelhut.com>
Victor J. Orlikowski <vjo@duke.edu>
Victor Orlikowski <vjo@duke.edu>
WATANABE Fumitaka <watanabe.fumitaka1@gmail.com>
WATANABE Fumitaka <watanabe.fumitaka@nttcom.co.jp>
Wataru ISHIDA <ishi.wata.da@gmail.com>
Wataru Ishida <ishida.wataru@lab.ntt.co.jp>
Wei-Li Tang <alextwl@xinguard.com>
Xiao Peng <penxiao@cisco.com>
YAMADA Hideki <yamada.hideki@po.ntts.co.jp>
YAMAMOTO Takashi <imuwoto@gmail.com>
YAMAMOTO Takashi <yamamoto@ovn.org>
YAMAMOTO Takashi <yamamoto@valinux.co.jp>
YAMAMOTO Takashi <yamt@mwd.biglobe.ne.jp>
Ygor Amaral <yabls@cin.ufpe.br>
Ygor Amaral <ygor.amaral@gmail.com>
Yi Tseng <a86487817@gmail.com>
Yoshiharu Yamashita <dyson.yamashita@gmail.com>
Yoshihiro Kaneko <ykaneko0929@gmail.com>
Yuichi Ito <ito.yuichi0@gmail.com>
Yuichi Sudo <sudo.yuichi@lab.ntt.co.jp>
Yuji Oshima <yuji.oshima0x3fd@gmail.com>
Yury Kulazhenkov <kulazhenkov@gmail.com>
Yusuke Iwase <iwase.yusuke0@gmail.com>
Zhang Dongya <fortitude.zhang@gmail.com>
alex <atoptsoglou@suse.com>
blacksheeep <christopher.scherb@stud.unibas.ch>
fortitude.zhang <fortitude.zhang@gmail.com>
fumihiko kakuma <kakuma@valinux.co.jp>
ishida wataru <ishida.wataru@lab.ntt.co.jp>
marcelo <marcelo@nttmcl.com>
mgrex97 <j6y4u4xup6@gmail.com>
morland <mqy_bs@hotmail.com>
surlyjake <surlyjake@gmail.com>
takahashi.minoru <takahashi.minoru7@gmail.com>
tungyueh <tylin.cs03g@nctu.edu.tw>
watanabe.fumitaka <watanabe.fumitaka1@gmail.com>
watanabe.fumitaka <watanabe.fumitaka@nttcom.co.jp>
yuta-hamada <yuta.hamada.z02@gimal.com>
张东亚 <fortitude.zhang@gmail.com>
竹下昇 <takeshita.noboru1@gmail.com>
胡鼎原 <hdyvip@gmail.com>
